onset	duration	trial_type	value	sample
0.05	2.0	8	29	50
3.15	2.0	8.5	30	3150
6.25	2.0	9	31	6250
9.35	2.0	9.5	32	9350
12.45	2.0	10	1	12450
15.55	2.0	10.5	2	15550
18.65	2.0	11	3	18650
21.75	2.0	11.5	4	21750
24.85	2.0	12	5	24850
27.95	2.0	12.5	6	27950
31.05	2.0	13	7	31050
34.15	2.0	13.5	8	34150
37.25	2.0	14	9	37250
40.35	2.0	14.5	10	40350
43.45	2.0	15	11	43450
46.55	2.0	15.5	12	46550
49.65	2.0	8	29	49650
52.75	2.0	8.5	30	52750
55.85	2.0	9	31	55850
58.95	2.0	9.5	32	58950
62.05	2.0	10	1	62050
65.15	2.0	10.5	2	65150
68.25	2.0	11	3	68250
71.35	2.0	11.5	4	71350
74.45	2.0	12	5	74450
77.55	2.0	12.5	6	77550
80.65	2.0	13	7	80650
83.75	2.0	13.5	8	83750
86.85	2.0	14	9	86850
89.95	2.0	14.5	10	89950
93.05	2.0	15	11	93050
96.15	2.0	15.5	12	96150
99.25	2.0	8	29	99250
102.35	2.0	8.5	30	102350
105.45	2.0	9	31	105450
108.55	2.0	9.5	32	108550
111.65	2.0	10	1	111650
114.75	2.0	10.5	2	114750
117.85	2.0	11	3	117850
120.95	2.0	11.5	4	120950
124.05	2.0	12	5	124050
127.15	2.0	12.5	6	127150
130.25	2.0	13	7	130250
133.35	2.0	13.5	8	133350
136.45	2.0	14	9	136450
139.55	2.0	14.5	10	139550
142.65	2.0	15	11	142650
145.75	2.0	15.5	12	145750
148.85	2.0	8	29	148850
151.95	2.0	8.5	30	151950
155.05	2.0	9	31	155050
158.15	2.0	9.5	32	158150
161.25	2.0	10	1	161250
164.35	2.0	10.5	2	164350
167.45	2.0	11	3	167450
170.55	2.0	11.5	4	170550
173.65	2.0	12	5	173650
176.75	2.0	12.5	6	176750
179.85	2.0	13	7	179850
182.95	2.0	13.5	8	182950
186.05	2.0	14	9	186050
189.15	2.0	14.5	10	189150
192.25	2.0	15	11	192250
195.35	2.0	15.5	12	195350
198.45	2.0	8	29	198450
201.55	2.0	8.5	30	201550
204.65	2.0	9	31	204650
207.75	2.0	9.5	32	207750
210.85	2.0	10	1	210850
213.95	2.0	10.5	2	213950
217.05	2.0	11	3	217050
220.15	2.0	11.5	4	220150
223.25	2.0	12	5	223250
226.35	2.0	12.5	6	226350
229.45	2.0	13	7	229450
232.55	2.0	13.5	8	232550
235.65	2.0	14	9	235650
238.75	2.0	14.5	10	238750
241.85	2.0	15	11	241850
244.95	2.0	15.5	12	244950
248.05	2.0	8	29	248050
251.15	2.0	8.5	30	251150
254.25	2.0	9	31	254250
257.35	2.0	9.5	32	257350
260.45	2.0	10	1	260450
263.55	2.0	10.5	2	263550
266.65	2.0	11	3	266650
269.75	2.0	11.5	4	269750
272.85	2.0	12	5	272850
275.95	2.0	12.5	6	275950
279.05	2.0	13	7	279050
282.15	2.0	13.5	8	282150
285.25	2.0	14	9	285250
288.35	2.0	14.5	10	288350
291.45	2.0	15	11	291450
294.55	2.0	15.5	12	294550
297.65	2.0	8	29	297650
300.75	2.0	8.5	30	300750
303.85	2.0	9	31	303850
306.95	2.0	9.5	32	306950
310.05	2.0	10	1	310050
313.15	2.0	10.5	2	313150
316.25	2.0	11	3	316250
319.35	2.0	11.5	4	319350
322.45	2.0	12	5	322450
325.55	2.0	12.5	6	325550
328.65	2.0	13	7	328650
331.75	2.0	13.5	8	331750
334.85	2.0	14	9	334850
337.95	2.0	14.5	10	337950
341.05	2.0	15	11	341050
344.15	2.0	15.5	12	344150
347.25	2.0	8	29	347250
350.35	2.0	8.5	30	350350
353.45	2.0	9	31	353450
356.55	2.0	9.5	32	356550
359.65	2.0	10	1	359650
362.75	2.0	10.5	2	362750
365.85	2.0	11	3	365850
368.95	2.0	11.5	4	368950
372.05	2.0	12	5	372050
375.15	2.0	12.5	6	375150
378.25	2.0	13	7	378250
381.35	2.0	13.5	8	381350
384.45	2.0	14	9	384450
387.55	2.0	14.5	10	387550
390.65	2.0	15	11	390650
393.75	2.0	15.5	12	393750
396.85	2.0	8	29	396850
399.95	2.0	8.5	30	399950
403.05	2.0	9	31	403050
406.15	2.0	9.5	32	406150
409.25	2.0	10	1	409250
412.35	2.0	10.5	2	412350
415.45	2.0	11	3	415450
418.55	2.0	11.5	4	418550
421.65	2.0	12	5	421650
424.75	2.0	12.5	6	424750
427.85	2.0	13	7	427850
430.95	2.0	13.5	8	430950
434.05	2.0	14	9	434050
437.15	2.0	14.5	10	437150
440.25	2.0	15	11	440250
443.35	2.0	15.5	12	443350
446.45	2.0	8	29	446450
449.55	2.0	8.5	30	449550
452.65	2.0	9	31	452650
455.75	2.0	9.5	32	455750
458.85	2.0	10	1	458850
461.95	2.0	10.5	2	461950
465.05	2.0	11	3	465050
468.15	2.0	11.5	4	468150
471.25	2.0	12	5	471250
474.35	2.0	12.5	6	474350
477.45	2.0	13	7	477450
480.55	2.0	13.5	8	480550
483.65	2.0	14	9	483650
486.75	2.0	14.5	10	486750
489.85	2.0	15	11	489850
492.95	2.0	15.5	12	492950
496.05	2.0	8	29	496050
499.15	2.0	8.5	30	499150
502.25	2.0	9	31	502250
505.35	2.0	9.5	32	505350
508.45	2.0	10	1	508450
511.55	2.0	10.5	2	511550
514.65	2.0	11	3	514650
517.75	2.0	11.5	4	517750
520.85	2.0	12	5	520850
523.95	2.0	12.5	6	523950
527.05	2.0	13	7	527050
530.15	2.0	13.5	8	530150
533.25	2.0	14	9	533250
536.35	2.0	14.5	10	536350
539.45	2.0	15	11	539450
542.55	2.0	15.5	12	542550
545.65	2.0	8	29	545650
548.75	2.0	8.5	30	548750
551.85	2.0	9	31	551850
554.95	2.0	9.5	32	554950
558.05	2.0	10	1	558050
561.15	2.0	10.5	2	561150
564.25	2.0	11	3	564250
567.35	2.0	11.5	4	567350
570.45	2.0	12	5	570450
573.55	2.0	12.5	6	573550
576.65	2.0	13	7	576650
579.75	2.0	13.5	8	579750
582.85	2.0	14	9	582850
585.95	2.0	14.5	10	585950
589.05	2.0	15	11	589050
592.15	2.0	15.5	12	592150
595.25	2.0	8	29	595250
598.35	2.0	8.5	30	598350
601.45	2.0	9	31	601450
604.55	2.0	9.5	32	604550
607.65	2.0	10	1	607650
610.75	2.0	10.5	2	610750
613.85	2.0	11	3	613850
616.95	2.0	11.5	4	616950
620.05	2.0	12	5	620050
623.15	2.0	12.5	6	623150
626.25	2.0	13	7	626250
629.35	2.0	13.5	8	629350
632.45	2.0	14	9	632450
635.55	2.0	14.5	10	635550
638.65	2.0	15	11	638650
641.75	2.0	15.5	12	641750
644.85	2.0	8	29	644850
647.95	2.0	8.5	30	647950
651.05	2.0	9	31	651050
654.15	2.0	9.5	32	654150
657.25	2.0	10	1	657250
660.35	2.0	10.5	2	660350
663.45	2.0	11	3	663450
666.55	2.0	11.5	4	666550
669.65	2.0	12	5	669650
672.75	2.0	12.5	6	672750
675.85	2.0	13	7	675850
678.95	2.0	13.5	8	678950
682.05	2.0	14	9	682050
685.15	2.0	14.5	10	685150
688.25	2.0	15	11	688250
691.35	2.0	15.5	12	691350
694.45	2.0	8	29	694450
697.55	2.0	8.5	30	697550
700.65	2.0	9	31	700650
703.75	2.0	9.5	32	703750
706.85	2.0	10	1	706850
709.95	2.0	10.5	2	709950
713.05	2.0	11	3	713050
716.15	2.0	11.5	4	716150
719.25	2.0	12	5	719250
722.35	2.0	12.5	6	722350
725.45	2.0	13	7	725450
728.55	2.0	13.5	8	728550
731.65	2.0	14	9	731650
734.75	2.0	14.5	10	734750
737.85	2.0	15	11	737850
740.95	2.0	15.5	12	740950
744.05	2.0	8	29	744050
747.15	2.0	8.5	30	747150
750.25	2.0	9	31	750250
753.35	2.0	9.5	32	753350
756.45	2.0	10	1	756450
759.55	2.0	10.5	2	759550
762.65	2.0	11	3	762650
765.75	2.0	11.5	4	765750
768.85	2.0	12	5	768850
771.95	2.0	12.5	6	771950
775.05	2.0	13	7	775050
778.15	2.0	13.5	8	778150
781.25	2.0	14	9	781250
784.35	2.0	14.5	10	784350
787.45	2.0	15	11	787450
790.55	2.0	15.5	12	790550
793.65	2.0	8	29	793650
796.75	2.0	8.5	30	796750
799.85	2.0	9	31	799850
802.95	2.0	9.5	32	802950
806.05	2.0	10	1	806050
809.15	2.0	10.5	2	809150
812.25	2.0	11	3	812250
815.35	2.0	11.5	4	815350
818.45	2.0	12	5	818450
821.55	2.0	12.5	6	821550
824.65	2.0	13	7	824650
827.75	2.0	13.5	8	827750
830.85	2.0	14	9	830850
833.95	2.0	14.5	10	833950
837.05	2.0	15	11	837050
840.15	2.0	15.5	12	840150
843.25	2.0	8	29	843250
846.35	2.0	8.5	30	846350
849.45	2.0	9	31	849450
852.55	2.0	9.5	32	852550
855.65	2.0	10	1	855650
858.75	2.0	10.5	2	858750
861.85	2.0	11	3	861850
864.95	2.0	11.5	4	864950
868.05	2.0	12	5	868050
871.15	2.0	12.5	6	871150
874.25	2.0	13	7	874250
877.35	2.0	13.5	8	877350
880.45	2.0	14	9	880450
883.55	2.0	14.5	10	883550
886.65	2.0	15	11	886650
889.75	2.0	15.5	12	889750
892.85	2.0	8	29	892850
895.95	2.0	8.5	30	895950
899.05	2.0	9	31	899050
902.15	2.0	9.5	32	902150
905.25	2.0	10	1	905250
908.35	2.0	10.5	2	908350
911.45	2.0	11	3	911450
914.55	2.0	11.5	4	914550
917.65	2.0	12	5	917650
920.75	2.0	12.5	6	920750
923.85	2.0	13	7	923850
926.95	2.0	13.5	8	926950
930.05	2.0	14	9	930050
933.15	2.0	14.5	10	933150
936.25	2.0	15	11	936250
939.35	2.0	15.5	12	939350
942.45	2.0	8	29	942450
945.55	2.0	8.5	30	945550
948.65	2.0	9	31	948650
951.75	2.0	9.5	32	951750
954.85	2.0	10	1	954850
957.95	2.0	10.5	2	957950
961.05	2.0	11	3	961050
964.15	2.0	11.5	4	964150
967.25	2.0	12	5	967250
970.35	2.0	12.5	6	970350
973.45	2.0	13	7	973450
976.55	2.0	13.5	8	976550
979.65	2.0	14	9	979650
982.75	2.0	14.5	10	982750
985.85	2.0	15	11	985850
988.95	2.0	15.5	12	988950
992.05	2.0	8	29	992050
995.15	2.0	8.5	30	995150
998.25	2.0	9	31	998250
1001.35	2.0	9.5	32	1001350
1004.45	2.0	10	1	1004450
1007.55	2.0	10.5	2	1007550
1010.65	2.0	11	3	1010650
1013.75	2.0	11.5	4	1013750
1016.85	2.0	12	5	1016850
1019.95	2.0	12.5	6	1019950
1023.05	2.0	13	7	1023050
1026.15	2.0	13.5	8	1026150
1029.25	2.0	14	9	1029250
1032.35	2.0	14.5	10	1032350
1035.45	2.0	15	11	1035450
1038.55	2.0	15.5	12	1038550
1041.65	2.0	8	29	1041650
1044.75	2.0	8.5	30	1044750
1047.85	2.0	9	31	1047850
1050.95	2.0	9.5	32	1050950
1054.05	2.0	10	1	1054050
1057.15	2.0	10.5	2	1057150
1060.25	2.0	11	3	1060250
1063.35	2.0	11.5	4	1063350
1066.45	2.0	12	5	1066450
1069.55	2.0	12.5	6	1069550
1072.65	2.0	13	7	1072650
1075.75	2.0	13.5	8	1075750
1078.85	2.0	14	9	1078850
1081.95	2.0	14.5	10	1081950
1085.05	2.0	15	11	1085050
1088.15	2.0	15.5	12	1088150
1091.25	2.0	8	29	1091250
1094.35	2.0	8.5	30	1094350
1097.45	2.0	9	31	1097450
1100.55	2.0	9.5	32	1100550
1103.65	2.0	10	1	1103650
1106.75	2.0	10.5	2	1106750
1109.85	2.0	11	3	1109850
1112.95	2.0	11.5	4	1112950
1116.05	2.0	12	5	1116050
1119.15	2.0	12.5	6	1119150
1122.25	2.0	13	7	1122250
1125.35	2.0	13.5	8	1125350
1128.45	2.0	14	9	1128450
1131.55	2.0	14.5	10	1131550
1134.65	2.0	15	11	1134650
1137.75	2.0	15.5	12	1137750
1140.85	2.0	8	29	1140850
1143.95	2.0	8.5	30	1143950
1147.05	2.0	9	31	1147050
1150.15	2.0	9.5	32	1150150
1153.25	2.0	10	1	1153250
1156.35	2.0	10.5	2	1156350
1159.45	2.0	11	3	1159450
1162.55	2.0	11.5	4	1162550
1165.65	2.0	12	5	1165650
1168.75	2.0	12.5	6	1168750
1171.85	2.0	13	7	1171850
1174.95	2.0	13.5	8	1174950
1178.05	2.0	14	9	1178050
1181.15	2.0	14.5	10	1181150
1184.25	2.0	15	11	1184250
1187.35	2.0	15.5	12	1187350
1190.45	2.0	25.5	13	1190450
1193.55	2.0	26	14	1193550
1196.65	2.0	26.5	15	1196650
1199.75	2.0	27	16	1199750
1202.85	2.0	27.5	17	1202850
1205.95	2.0	28	18	1205950
1209.05	2.0	28.5	19	1209050
1212.15	2.0	29	20	1212150
1215.25	2.0	29.5	21	1215250
1218.35	2.0	30	22	1218350
1221.45	2.0	30.5	23	1221450
1224.55	2.0	31	24	1224550
1227.65	2.0	31.5	25	1227650
1230.75	2.0	32	26	1230750
1233.85	2.0	32.5	27	1233850
1236.95	2.0	33	28	1236950
1240.05	2.0	25.5	13	1240050
1243.15	2.0	26	14	1243150
1246.25	2.0	26.5	15	1246250
1249.35	2.0	27	16	1249350
1252.45	2.0	27.5	17	1252450
1255.55	2.0	28	18	1255550
1258.65	2.0	28.5	19	1258650
1261.75	2.0	29	20	1261750
1264.85	2.0	29.5	21	1264850
1267.95	2.0	30	22	1267950
1271.05	2.0	30.5	23	1271050
1274.15	2.0	31	24	1274150
1277.25	2.0	31.5	25	1277250
1280.35	2.0	32	26	1280350
1283.45	2.0	32.5	27	1283450
1286.55	2.0	33	28	1286550
1289.65	2.0	25.5	13	1289650
1292.75	2.0	26	14	1292750
1295.85	2.0	26.5	15	1295850
1298.95	2.0	27	16	1298950
1302.05	2.0	27.5	17	1302050
1305.15	2.0	28	18	1305150
1308.25	2.0	28.5	19	1308250
1311.35	2.0	29	20	1311350
1314.45	2.0	29.5	21	1314450
1317.55	2.0	30	22	1317550
1320.65	2.0	30.5	23	1320650
1323.75	2.0	31	24	1323750
1326.85	2.0	31.5	25	1326850
1329.95	2.0	32	26	1329950
1333.05	2.0	32.5	27	1333050
1336.15	2.0	33	28	1336150
1339.25	2.0	25.5	13	1339250
1342.35	2.0	26	14	1342350
1345.45	2.0	26.5	15	1345450
1348.55	2.0	27	16	1348550
1351.65	2.0	27.5	17	1351650
1354.75	2.0	28	18	1354750
1357.85	2.0	28.5	19	1357850
1360.95	2.0	29	20	1360950
1364.05	2.0	29.5	21	1364050
1367.15	2.0	30	22	1367150
1370.25	2.0	30.5	23	1370250
1373.35	2.0	31	24	1373350
1376.45	2.0	31.5	25	1376450
1379.55	2.0	32	26	1379550
1382.65	2.0	32.5	27	1382650
1385.75	2.0	33	28	1385750
1388.85	2.0	25.5	13	1388850
1391.95	2.0	26	14	1391950
1395.05	2.0	26.5	15	1395050
1398.15	2.0	27	16	1398150
1401.25	2.0	27.5	17	1401250
1404.35	2.0	28	18	1404350
1407.45	2.0	28.5	19	1407450
1410.55	2.0	29	20	1410550
1413.65	2.0	29.5	21	1413650
1416.75	2.0	30	22	1416750
1419.85	2.0	30.5	23	1419850
1422.95	2.0	31	24	1422950
1426.05	2.0	31.5	25	1426050
1429.15	2.0	32	26	1429150
1432.25	2.0	32.5	27	1432250
1435.35	2.0	33	28	1435350
1438.45	2.0	25.5	13	1438450
1441.55	2.0	26	14	1441550
1444.65	2.0	26.5	15	1444650
1447.75	2.0	27	16	1447750
1450.85	2.0	27.5	17	1450850
1453.95	2.0	28	18	1453950
1457.05	2.0	28.5	19	1457050
1460.15	2.0	29	20	1460150
1463.25	2.0	29.5	21	1463250
1466.35	2.0	30	22	1466350
1469.45	2.0	30.5	23	1469450
1472.55	2.0	31	24	1472550
1475.65	2.0	31.5	25	1475650
1478.75	2.0	32	26	1478750
1481.85	2.0	32.5	27	1481850
1484.95	2.0	33	28	1484950
1488.05	2.0	25.5	13	1488050
1491.15	2.0	26	14	1491150
1494.25	2.0	26.5	15	1494250
1497.35	2.0	27	16	1497350
1500.45	2.0	27.5	17	1500450
1503.55	2.0	28	18	1503550
1506.65	2.0	28.5	19	1506650
1509.75	2.0	29	20	1509750
1512.85	2.0	29.5	21	1512850
1515.95	2.0	30	22	1515950
1519.05	2.0	30.5	23	1519050
1522.15	2.0	31	24	1522150
1525.25	2.0	31.5	25	1525250
1528.35	2.0	32	26	1528350
1531.45	2.0	32.5	27	1531450
1534.55	2.0	33	28	1534550
1537.65	2.0	25.5	13	1537650
1540.75	2.0	26	14	1540750
1543.85	2.0	26.5	15	1543850
1546.95	2.0	27	16	1546950
1550.05	2.0	27.5	17	1550050
1553.15	2.0	28	18	1553150
1556.25	2.0	28.5	19	1556250
1559.35	2.0	29	20	1559350
1562.45	2.0	29.5	21	1562450
1565.55	2.0	30	22	1565550
1568.65	2.0	30.5	23	1568650
1571.75	2.0	31	24	1571750
1574.85	2.0	31.5	25	1574850
1577.95	2.0	32	26	1577950
1581.05	2.0	32.5	27	1581050
1584.15	2.0	33	28	1584150
1587.25	2.0	25.5	13	1587250
1590.35	2.0	26	14	1590350
1593.45	2.0	26.5	15	1593450
1596.55	2.0	27	16	1596550
1599.65	2.0	27.5	17	1599650
1602.75	2.0	28	18	1602750
1605.85	2.0	28.5	19	1605850
1608.95	2.0	29	20	1608950
1612.05	2.0	29.5	21	1612050
1615.15	2.0	30	22	1615150
1618.25	2.0	30.5	23	1618250
1621.35	2.0	31	24	1621350
1624.45	2.0	31.5	25	1624450
1627.55	2.0	32	26	1627550
1630.65	2.0	32.5	27	1630650
1633.75	2.0	33	28	1633750
1636.85	2.0	25.5	13	1636850
1639.95	2.0	26	14	1639950
1643.05	2.0	26.5	15	1643050
1646.15	2.0	27	16	1646150
1649.25	2.0	27.5	17	1649250
1652.35	2.0	28	18	1652350
1655.45	2.0	28.5	19	1655450
1658.55	2.0	29	20	1658550
1661.65	2.0	29.5	21	1661650
1664.75	2.0	30	22	1664750
1667.85	2.0	30.5	23	1667850
1670.95	2.0	31	24	1670950
1674.05	2.0	31.5	25	1674050
1677.15	2.0	32	26	1677150
1680.25	2.0	32.5	27	1680250
1683.35	2.0	33	28	1683350
1686.45	2.0	25.5	13	1686450
1689.55	2.0	26	14	1689550
1692.65	2.0	26.5	15	1692650
1695.75	2.0	27	16	1695750
1698.85	2.0	27.5	17	1698850
1701.95	2.0	28	18	1701950
1705.05	2.0	28.5	19	1705050
1708.15	2.0	29	20	1708150
1711.25	2.0	29.5	21	1711250
1714.35	2.0	30	22	1714350
1717.45	2.0	30.5	23	1717450
1720.55	2.0	31	24	1720550
1723.65	2.0	31.5	25	1723650
1726.75	2.0	32	26	1726750
1729.85	2.0	32.5	27	1729850
1732.95	2.0	33	28	1732950
1736.05	2.0	25.5	13	1736050
1739.15	2.0	26	14	1739150
1742.25	2.0	26.5	15	1742250
1745.35	2.0	27	16	1745350
1748.45	2.0	27.5	17	1748450
1751.55	2.0	28	18	1751550
1754.65	2.0	28.5	19	1754650
1757.75	2.0	29	20	1757750
1760.85	2.0	29.5	21	1760850
1763.95	2.0	30	22	1763950
1767.05	2.0	30.5	23	1767050
1770.15	2.0	31	24	1770150
1773.25	2.0	31.5	25	1773250
1776.35	2.0	32	26	1776350
1779.45	2.0	32.5	27	1779450
1782.55	2.0	33	28	1782550
1785.65	2.0	25.5	13	1785650
1788.75	2.0	26	14	1788750
1791.85	2.0	26.5	15	1791850
1794.95	2.0	27	16	1794950
1798.05	2.0	27.5	17	1798050
1801.15	2.0	28	18	1801150
1804.25	2.0	28.5	19	1804250
1807.35	2.0	29	20	1807350
1810.45	2.0	29.5	21	1810450
1813.55	2.0	30	22	1813550
1816.65	2.0	30.5	23	1816650
1819.75	2.0	31	24	1819750
1822.85	2.0	31.5	25	1822850
1825.95	2.0	32	26	1825950
1829.05	2.0	32.5	27	1829050
1832.15	2.0	33	28	1832150
1835.25	2.0	25.5	13	1835250
1838.35	2.0	26	14	1838350
1841.45	2.0	26.5	15	1841450
1844.55	2.0	27	16	1844550
1847.65	2.0	27.5	17	1847650
1850.75	2.0	28	18	1850750
1853.85	2.0	28.5	19	1853850
1856.95	2.0	29	20	1856950
1860.05	2.0	29.5	21	1860050
1863.15	2.0	30	22	1863150
1866.25	2.0	30.5	23	1866250
1869.35	2.0	31	24	1869350
1872.45	2.0	31.5	25	1872450
1875.55	2.0	32	26	1875550
1878.65	2.0	32.5	27	1878650
1881.75	2.0	33	28	1881750
1884.85	2.0	25.5	13	1884850
1887.95	2.0	26	14	1887950
1891.05	2.0	26.5	15	1891050
1894.15	2.0	27	16	1894150
1897.25	2.0	27.5	17	1897250
1900.35	2.0	28	18	1900350
1903.45	2.0	28.5	19	1903450
1906.55	2.0	29	20	1906550
1909.65	2.0	29.5	21	1909650
1912.75	2.0	30	22	1912750
1915.85	2.0	30.5	23	1915850
1918.95	2.0	31	24	1918950
1922.05	2.0	31.5	25	1922050
1925.15	2.0	32	26	1925150
1928.25	2.0	32.5	27	1928250
1931.35	2.0	33	28	1931350
1934.45	2.0	25.5	13	1934450
1937.55	2.0	26	14	1937550
1940.65	2.0	26.5	15	1940650
1943.75	2.0	27	16	1943750
1946.85	2.0	27.5	17	1946850
1949.95	2.0	28	18	1949950
1953.05	2.0	28.5	19	1953050
1956.15	2.0	29	20	1956150
1959.25	2.0	29.5	21	1959250
1962.35	2.0	30	22	1962350
1965.45	2.0	30.5	23	1965450
1968.55	2.0	31	24	1968550
1971.65	2.0	31.5	25	1971650
1974.75	2.0	32	26	1974750
1977.85	2.0	32.5	27	1977850
1980.95	2.0	33	28	1980950
1984.05	2.0	25.5	13	1984050
1987.15	2.0	26	14	1987150
1990.25	2.0	26.5	15	1990250
1993.35	2.0	27	16	1993350
1996.45	2.0	27.5	17	1996450
1999.55	2.0	28	18	1999550
2002.65	2.0	28.5	19	2002650
2005.75	2.0	29	20	2005750
2008.85	2.0	29.5	21	2008850
2011.95	2.0	30	22	2011950
2015.05	2.0	30.5	23	2015050
2018.15	2.0	31	24	2018150
2021.25	2.0	31.5	25	2021250
2024.35	2.0	32	26	2024350
2027.45	2.0	32.5	27	2027450
2030.55	2.0	33	28	2030550
2033.65	2.0	25.5	13	2033650
2036.75	2.0	26	14	2036750
2039.85	2.0	26.5	15	2039850
2042.95	2.0	27	16	2042950
2046.05	2.0	27.5	17	2046050
2049.15	2.0	28	18	2049150
2052.25	2.0	28.5	19	2052250
2055.35	2.0	29	20	2055350
2058.45	2.0	29.5	21	2058450
2061.55	2.0	30	22	2061550
2064.65	2.0	30.5	23	2064650
2067.75	2.0	31	24	2067750
2070.85	2.0	31.5	25	2070850
2073.95	2.0	32	26	2073950
2077.05	2.0	32.5	27	2077050
2080.15	2.0	33	28	2080150
2083.25	2.0	25.5	13	2083250
2086.35	2.0	26	14	2086350
2089.45	2.0	26.5	15	2089450
2092.55	2.0	27	16	2092550
2095.65	2.0	27.5	17	2095650
2098.75	2.0	28	18	2098750
2101.85	2.0	28.5	19	2101850
2104.95	2.0	29	20	2104950
2108.05	2.0	29.5	21	2108050
2111.15	2.0	30	22	2111150
2114.25	2.0	30.5	23	2114250
2117.35	2.0	31	24	2117350
2120.45	2.0	31.5	25	2120450
2123.55	2.0	32	26	2123550
2126.65	2.0	32.5	27	2126650
2129.75	2.0	33	28	2129750
2132.85	2.0	25.5	13	2132850
2135.95	2.0	26	14	2135950
2139.05	2.0	26.5	15	2139050
2142.15	2.0	27	16	2142150
2145.25	2.0	27.5	17	2145250
2148.35	2.0	28	18	2148350
2151.45	2.0	28.5	19	2151450
2154.55	2.0	29	20	2154550
2157.65	2.0	29.5	21	2157650
2160.75	2.0	30	22	2160750
2163.85	2.0	30.5	23	2163850
2166.95	2.0	31	24	2166950
2170.05	2.0	31.5	25	2170050
2173.15	2.0	32	26	2173150
2176.25	2.0	32.5	27	2176250
2179.35	2.0	33	28	2179350
2182.45	2.0	25.5	13	2182450
2185.55	2.0	26	14	2185550
2188.65	2.0	26.5	15	2188650
2191.75	2.0	27	16	2191750
2194.85	2.0	27.5	17	2194850
2197.95	2.0	28	18	2197950
2201.05	2.0	28.5	19	2201050
2204.15	2.0	29	20	2204150
2207.25	2.0	29.5	21	2207250
2210.35	2.0	30	22	2210350
2213.45	2.0	30.5	23	2213450
2216.55	2.0	31	24	2216550
2219.65	2.0	31.5	25	2219650
2222.75	2.0	32	26	2222750
2225.85	2.0	32.5	27	2225850
2228.95	2.0	33	28	2228950
2232.05	2.0	25.5	13	2232050
2235.15	2.0	26	14	2235150
2238.25	2.0	26.5	15	2238250
2241.35	2.0	27	16	2241350
2244.45	2.0	27.5	17	2244450
2247.55	2.0	28	18	2247550
2250.65	2.0	28.5	19	2250650
2253.75	2.0	29	20	2253750
2256.85	2.0	29.5	21	2256850
2259.95	2.0	30	22	2259950
2263.05	2.0	30.5	23	2263050
2266.15	2.0	31	24	2266150
2269.25	2.0	31.5	25	2269250
2272.35	2.0	32	26	2272350
2275.45	2.0	32.5	27	2275450
2278.55	2.0	33	28	2278550
2281.65	2.0	25.5	13	2281650
2284.75	2.0	26	14	2284750
2287.85	2.0	26.5	15	2287850
2290.95	2.0	27	16	2290950
2294.05	2.0	27.5	17	2294050
2297.15	2.0	28	18	2297150
2300.25	2.0	28.5	19	2300250
2303.35	2.0	29	20	2303350
2306.45	2.0	29.5	21	2306450
2309.55	2.0	30	22	2309550
2312.65	2.0	30.5	23	2312650
2315.75	2.0	31	24	2315750
2318.85	2.0	31.5	25	2318850
2321.95	2.0	32	26	2321950
2325.05	2.0	32.5	27	2325050
2328.15	2.0	33	28	2328150
2331.25	2.0	25.5	13	2331250
2334.35	2.0	26	14	2334350
2337.45	2.0	26.5	15	2337450
2340.55	2.0	27	16	2340550
2343.65	2.0	27.5	17	2343650
2346.75	2.0	28	18	2346750
2349.85	2.0	28.5	19	2349850
2352.95	2.0	29	20	2352950
2356.05	2.0	29.5	21	2356050
2359.15	2.0	30	22	2359150
2362.25	2.0	30.5	23	2362250
2365.35	2.0	31	24	2365350
2368.45	2.0	31.5	25	2368450
2371.55	2.0	32	26	2371550
2374.65	2.0	32.5	27	2374650
2377.75	2.0	33	28	2377750
